{"rho": 0.9322151548269645, "pval": 1.732826154440185e-21}