model,MAE,RMSE,R2,MAE_nonzero_weeks,MAE_severe_20plus,mean_prediction,max_prediction,alert_threshold,precision_fatal_week,recall_fatal_week,f1_fatal_week,true_positives,false_positives,false_negatives,true_negatives
XGBoost,0.691143810749054,1.649682031684913,0.29370003938674927,1.4398301839828491,22.924421310424805,0.6824222803115845,11.074873924255371,1.0,0.7169117647058824,0.5416666666666666,0.6170886075949367,390,154,330,1281
Random Forest,0.6922981560927949,1.6503625635820904,0.2931171500751174,1.443374541873181,22.32489100871526,0.6649500025449067,9.754663410748332,1.0,0.701048951048951,0.5569444444444445,0.6207430340557275,401,171,319,1264
Gradient Boosting,0.6835123108839938,1.657772007475756,0.2867556798404688,1.442698468963577,22.750161905947706,0.6499866585712911,18.140084894918385,1.0,0.7226415094339622,0.5319444444444444,0.6128,383,147,337,1288
Linear Regression,0.7035676839503368,1.717004458778896,0.23487646008648955,1.441860945445545,24.140119657070148,0.6387123727076308,13.937538171530797,1.0,0.7085346215780999,0.6111111111111112,0.6562266964951529,440,181,280,1254
Dummy Median Baseline,0.7916473317865429,2.116557201010833,-0.16264930897811514,2.3694444444444445,27.333333333333332,0.0,0.0,1.0,0.0,0.0,0.0,0,0,720,1435
